label_id,label_type,computation_method,geo_side,geo_dist_m,head_side,axis_angle_deg,edge_id,lat,lng,pano_id,gallery_url,your_side
179358,CurbRamp,approximation3,1.0,7.22,1.0,54.5,18803,47.62,-122.3,uexDCvNJVIVfMS_1Muc_WQ,https://sidewalk-seattle.cs.washington.edu/label/179358,
270647,CurbRamp,approximation3,1.0,4.8,1.0,89.04,13078,47.54,-122.36,c112h16jqTKc42xn-KAI-Q,https://sidewalk-seattle.cs.washington.edu/label/270647,
306446,CurbRamp,approximation3,-1.0,3.44,-1.0,42.94,6274,47.64,-122.35,bu9V8SeFi2pqPzK8PdFNhg,https://sidewalk-seattle.cs.washington.edu/label/306446,
310591,CurbRamp,approximation3,1.0,6.61,1.0,67.77,1414,47.67,-122.3,8T2Q9iw2EcEQEYMC3xWwcQ,https://sidewalk-seattle.cs.washington.edu/label/310591,
127298,CurbRamp,approximation3,-1.0,3.61,1.0,31.16,22749,47.58,-122.3,AtbOSIInDrL99PJA_Az96w,https://sidewalk-seattle.cs.washington.edu/label/127298,
295898,CurbRamp,approximation3,-1.0,4.02,1.0,0.91,27398,47.67,-122.39,_C-2qSwsNS_LgnA_2RaK9g,https://sidewalk-seattle.cs.washington.edu/label/295898,
293714,CurbRamp,approximation3,1.0,10.34,-1.0,4.43,95,47.67,-122.27,tcmvkpNEV136uj8lB0musg,https://sidewalk-seattle.cs.washington.edu/label/293714,
167343,CurbRamp,approximation3,1.0,1.14,-1.0,30.06,18993,47.6,-122.32,3nOo664ihNXuCHJDDIFofA,https://sidewalk-seattle.cs.washington.edu/label/167343,
144590,CurbRamp,approximation3,1.0,6.18,-1.0,33.13,2938,47.68,-122.38,_Nj6VX-T317DVp83OKFPYg,https://sidewalk-seattle.cs.washington.edu/label/144590,
297976,CurbRamp,approximation3,1.0,9.26,-1.0,59.68,7279,47.62,-122.3,p-bLQ88GtD-l6hFloKANzg,https://sidewalk-seattle.cs.washington.edu/label/297976,
144845,CurbRamp,approximation3,1.0,11.1,-1.0,14.17,19411,47.61,-122.3,37WMqvTVYcN1JAjHSp3AUg,https://sidewalk-seattle.cs.washington.edu/label/144845,
188456,CurbRamp,approximation3,-1.0,7.09,1.0,59.52,11198,47.66,-122.35,zK_KUOJdSTWyEFuU6WE1yw,https://sidewalk-seattle.cs.washington.edu/label/188456,
204567,NoCurbRamp,approximation3,1.0,5.54,1.0,15.67,17226,47.56,-122.3,05b4J77GmkrzoVMqpkuDPg,https://sidewalk-seattle.cs.washington.edu/label/204567,
285315,NoCurbRamp,approximation3,-1.0,9.51,-1.0,30.38,4087,47.53,-122.35,DQDD9pTYKJvwA4VoTRdy8g,https://sidewalk-seattle.cs.washington.edu/label/285315,
195751,NoCurbRamp,approximation3,1.0,4.0,1.0,33.17,10317,47.69,-122.33,23SuWAU5EqNox4XyeGmwkw,https://sidewalk-seattle.cs.washington.edu/label/195751,
152261,NoCurbRamp,approximation3,1.0,5.29,1.0,30.69,11159,47.66,-122.35,kLj8IurdVndUjWAhuK8tMg,https://sidewalk-seattle.cs.washington.edu/label/152261,
117724,NoCurbRamp,approximation3,-1.0,5.35,1.0,28.95,994,47.59,-122.29,Px2nlE8k6hS0WuA76y8HyA,https://sidewalk-seattle.cs.washington.edu/label/117724,
143785,NoCurbRamp,approximation3,-1.0,4.64,1.0,20.91,6561,47.65,-122.37,wsdzKnh7617AdPF6ZhsK2w,https://sidewalk-seattle.cs.washington.edu/label/143785,
289248,NoCurbRamp,approximation3,-1.0,7.76,1.0,30.18,18853,47.58,-122.39,VzaY6p0RvKsN9DGxloR5Fg,https://sidewalk-seattle.cs.washington.edu/label/289248,
245535,NoCurbRamp,approximation3,1.0,6.58,-1.0,54.74,11938,47.7,-122.28,2vbeLDO8Zr12QtZE2TWOeA,https://sidewalk-seattle.cs.washington.edu/label/245535,
178818,NoCurbRamp,approximation3,-1.0,5.37,1.0,28.14,11512,47.66,-122.35,PaLEHp4p_fIrTgMpaM1ykg,https://sidewalk-seattle.cs.washington.edu/label/178818,
236987,NoCurbRamp,approximation3,-1.0,7.41,1.0,44.23,1346,47.53,-122.37,uQ89_8IKpC6ygPneo5nRyA,https://sidewalk-seattle.cs.washington.edu/label/236987,
169134,NoCurbRamp,approximation3,-1.0,4.37,1.0,15.79,1429,47.67,-122.31,b5Fk8tmJYnTp4YVswXncQQ,https://sidewalk-seattle.cs.washington.edu/label/169134,
157264,NoCurbRamp,approximation3,1.0,7.09,-1.0,34.87,19699,47.68,-122.28,zjESn0PPQ29ldbPF9TC8yA,https://sidewalk-seattle.cs.washington.edu/label/157264,
144087,Obstacle,approximation3,1.0,13.94,1.0,30.76,8509,47.61,-122.28,BWZ0D2sRxP_6SZjEr2YGsQ,https://sidewalk-seattle.cs.washington.edu/label/144087,
203364,Obstacle,approximation3,-1.0,2.7,-1.0,21.75,18286,47.7,-122.31,V-YkSA9ML-6KJ4wnZcPcgA,https://sidewalk-seattle.cs.washington.edu/label/203364,
204287,Obstacle,approximation3,1.0,6.5,1.0,81.96,11863,47.7,-122.34,LTK249rHAmjeb8A1rXWCMg,https://sidewalk-seattle.cs.washington.edu/label/204287,
122618,Obstacle,approximation3,-1.0,7.99,-1.0,51.88,18675,47.64,-122.39,AVoIjc_fDJjE0sacHBiyxw,https://sidewalk-seattle.cs.washington.edu/label/122618,
218216,Obstacle,approximation3,-1.0,0.05,1.0,5.47,9386,47.7,-122.39,BrqhcFlHHqnstyouG254ug,https://sidewalk-seattle.cs.washington.edu/label/218216,
287365,Obstacle,approximation3,1.0,12.5,-1.0,8.31,7457,47.6,-122.31,6z4-uwruo2ao3i1Rq7QEiQ,https://sidewalk-seattle.cs.washington.edu/label/287365,
172350,Obstacle,approximation3,1.0,4.19,-1.0,1.9,11593,47.68,-122.37,7h2vyHcsZLKfbVS6rvlaKA,https://sidewalk-seattle.cs.washington.edu/label/172350,
288861,Obstacle,approximation3,-1.0,1.01,1.0,16.52,4036,47.57,-122.4,4aV3pPoVic36PxKCyAiaIA,https://sidewalk-seattle.cs.washington.edu/label/288861,
218528,Obstacle,approximation3,1.0,0.13,-1.0,7.57,2001,47.71,-122.36,VnoK_nLHhAz7-l7XLlwfIg,https://sidewalk-seattle.cs.washington.edu/label/218528,
148202,Obstacle,approximation3,1.0,9.89,-1.0,44.0,13194,47.65,-122.38,YO2Fk5I7ndtHTPAssWExXQ,https://sidewalk-seattle.cs.washington.edu/label/148202,
288534,Obstacle,approximation3,1.0,4.89,-1.0,83.48,17711,47.61,-122.32,6_Wvhr-vi0ZRVk1Ggsxjtw,https://sidewalk-seattle.cs.washington.edu/label/288534,
215605,Obstacle,approximation3,1.0,0.06,-1.0,72.6,8596,47.55,-122.3,WSP-adu91fGG1Vo6SCJz4w,https://sidewalk-seattle.cs.washington.edu/label/215605,
162190,SurfaceProblem,approximation3,1.0,9.87,1.0,86.67,9494,47.58,-122.29,4CSkxYPDkunzo8pCanxpzw,https://sidewalk-seattle.cs.washington.edu/label/162190,
269340,SurfaceProblem,approximation3,1.0,5.22,1.0,71.27,5025,47.58,-122.4,jOig1TaPhiVwkabnID3rNw,https://sidewalk-seattle.cs.washington.edu/label/269340,
316723,SurfaceProblem,approximation3,1.0,3.87,1.0,50.17,4057,47.64,-122.35,ZCzTuakKreQyxYt73G204w,https://sidewalk-seattle.cs.washington.edu/label/316723,
238703,SurfaceProblem,approximation3,-1.0,6.87,-1.0,42.99,19218,47.53,-122.28,GEh84yigY_SXBeoa40B0pg,https://sidewalk-seattle.cs.washington.edu/label/238703,
220436,SurfaceProblem,approximation3,-1.0,6.04,1.0,37.14,18206,47.7,-122.33,5naaN2NorrEYU73tJC8yMg,https://sidewalk-seattle.cs.washington.edu/label/220436,
130861,SurfaceProblem,approximation3,1.0,5.15,-1.0,2.32,10363,47.59,-122.31,GxP2TBOENVpauMSc1KAYjw,https://sidewalk-seattle.cs.washington.edu/label/130861,
288535,SurfaceProblem,approximation3,1.0,5.79,-1.0,70.48,17711,47.61,-122.32,6_Wvhr-vi0ZRVk1Ggsxjtw,https://sidewalk-seattle.cs.washington.edu/label/288535,
170672,SurfaceProblem,approximation3,-1.0,6.69,1.0,18.4,1010,47.62,-122.32,k8neS9Vn0esS9phKlsZ6BA,https://sidewalk-seattle.cs.washington.edu/label/170672,
196158,SurfaceProblem,approximation3,1.0,7.74,-1.0,48.21,5268,47.55,-122.32,7a39f0orqNwPtltQtO-rkg,https://sidewalk-seattle.cs.washington.edu/label/196158,
175590,SurfaceProblem,approximation3,1.0,8.38,-1.0,15.52,24899,47.6,-122.33,QH_3-v75vlzNM3aKC8npEw,https://sidewalk-seattle.cs.washington.edu/label/175590,
128581,SurfaceProblem,approximation3,1.0,0.44,-1.0,40.65,9839,47.6,-122.29,MXdZwY0fkTSxZV5f_gpxYA,https://sidewalk-seattle.cs.washington.edu/label/128581,
130257,SurfaceProblem,approximation3,-1.0,11.07,1.0,47.98,19919,47.58,-122.31,XL6x5n2aOMbby1JyIpisBA,https://sidewalk-seattle.cs.washington.edu/label/130257,
250388,NoSidewalk,approximation3,1.0,2.69,1.0,35.57,7927,47.71,-122.29,zLe94htL_q9qUdwCW2JTCg,https://sidewalk-seattle.cs.washington.edu/label/250388,
116814,NoSidewalk,approximation3,1.0,5.4,1.0,11.65,3734,47.64,-122.41,6NU6zD4yaq_3aqZmk-bFQg,https://sidewalk-seattle.cs.washington.edu/label/116814,
241237,NoSidewalk,approximation3,-1.0,1.86,-1.0,74.61,6584,47.53,-122.29,9QSg1q1LnSVR_vaoA0eyCw,https://sidewalk-seattle.cs.washington.edu/label/241237,
317587,NoSidewalk,approximation3,-1.0,3.26,-1.0,12.31,12967,47.53,-122.35,4yUozFa7HMtUqYKhzyciaA,https://sidewalk-seattle.cs.washington.edu/label/317587,
250667,NoSidewalk,approximation3,1.0,0.39,-1.0,9.35,14678,47.71,-122.28,knFz9xiXeibLWJNfm8vUcQ,https://sidewalk-seattle.cs.washington.edu/label/250667,
135753,NoSidewalk,approximation3,-1.0,1.0,1.0,77.98,139,47.57,-122.28,tJfd5-4GGVAlbwAkvVGziw,https://sidewalk-seattle.cs.washington.edu/label/135753,
135915,NoSidewalk,approximation3,-1.0,0.77,1.0,10.97,1597,47.68,-122.4,c6xqIF6AgjtFy0aOMzrAtw,https://sidewalk-seattle.cs.washington.edu/label/135915,
234792,NoSidewalk,approximation3,1.0,1.02,-1.0,40.21,5785,47.53,-122.29,D6My6sl32jih6Ftf4Px4Ew,https://sidewalk-seattle.cs.washington.edu/label/234792,
250111,NoSidewalk,approximation3,1.0,0.7,-1.0,22.63,6105,47.71,-122.28,-RnZrH1Dytgpl_mcIW2jaw,https://sidewalk-seattle.cs.washington.edu/label/250111,
253471,NoSidewalk,approximation3,-1.0,20.96,1.0,38.44,7606,47.69,-122.4,70PdJ_pk3bFwv1DZTORMJQ,https://sidewalk-seattle.cs.washington.edu/label/253471,
226512,NoSidewalk,approximation3,1.0,1.84,-1.0,20.34,5033,47.55,-122.27,tINgxB2FQXy4aX5k9lAw2w,https://sidewalk-seattle.cs.washington.edu/label/226512,
263975,NoSidewalk,approximation3,1.0,0.48,-1.0,62.4,11993,47.58,-122.4,ERY6ALfGccB5OgaYw5-KBA,https://sidewalk-seattle.cs.washington.edu/label/263975,
